,product_name,product_rating,people_voted,product_cost,product_properties,product_discount
0,VJ Interior Leatherette Office Arm Chair,3.9,(416),"₹8,999",Brown,4% off
1,VJ Interior Leatherette Office Arm Chair,3.8,(467),"₹9,750","Brown, Set of 2",1% off
2,Crystal Furnitech Sigma Engineered Wood Coffee Table,4.4,"(4,493)","₹3,890",Finish Color - wallnut + wenge,17% off
3,Flipkart Perfect Homes Eclipse Glass Coffee Table,4.4,"(1,213)","₹4,190",Finish Color - Black,40% off
4,Cello Plastic Shoe Rack,4.3,"(5,168)","₹2,490","Blue, Grey, 4 Shelves",7% off
5,Crystal Furnitech Avia Engineered Wood Coffee Table,4.2,"(1,753)","₹3,790",Finish Color - Wenge,11% off
6,Flipkart Perfect Homes PureWood Sheesham TV Entertainme...,4.5,(886),"₹10,990",Finish Color - Dark Walnut,52% off
7,Crystal Furnitech Orion Engineered Wood Office Table,4.4,(364),"₹9,290","Free Standing, Finish Color - Chocklate Sawline + sandy Sawline",10% off
8,Delite Kom 20 Inches wide Five Door Powder Coated Wall ...,4.3,(778),"₹5,890","Brown, 5 Shelves",22% off
9,Flipkart Perfect Homes Luzon Metal 4 Seater Dining Set,4.2,"(4,235)","₹13,590",Finish Color - Black,12% off
10,@home by Nilkamal Astero Engineered Wood Shoe Rack,4.1,(949),"₹4,190",4 Shelves,44% off
11,@home by Nilkamal Checkers Engineered Wood Open Book Sh...,4.4,"(1,583)","₹4,790",Finish Color - Walnut,39% off
12,Nilkamal Plastic Shoe Rack,4.2,"(6,507)","₹4,290",7 Shelves,7% off
13,VJ Interior Fabric Office Arm Chair,4.1,(30),"₹12,275","Black, Set of 2",6% off
14,Flipkart Perfect Homes Engineered Wood Close Book Shelf,3.8,(386),"₹7,490",Finish Color - Wenge,28% off
15,Nilkamal Plastic Shoe Rack,4.2,"(6,507)","₹4,390","Brown, 7 Shelves",5% off
16,@home by Nilkamal Aze Engineered Wood Shoe Rack,4.0,(750),"₹3,100",3 Shelves,58% off
17,Flipkart Perfect Homes Fabric Office Arm Chair,3.9,(267),"₹4,190","Green, Black",32% off
18,Crystal Furnitech Eadric Engineered Wood Kitchen Cabine...,4.3,(734),"₹11,890",Finish Color - Cairo wallnut,19% off
19,VJ Interior Fabric Office Arm Chair,4.4,(207),"₹5,725",Blue,11% off
20,Flipkart Perfect Homes Sirena TV Entertainment Unit,4.2,"(6,018)","₹6,190",Finish Color - Wenge,34% off
21,Flipkart Perfect Homes Atiu Metal 4 Seater Dining Set,4.5,"(1,490)","₹15,490",Finish Color - Black,8% off
22,Flipkart Perfect Homes Webster TV Entertainment Unit,4.2,"(6,210)","₹13,890",Finish Color - Wenge,29% off
23,Flipkart Perfect Homes Costello Fabric Manual Recliners...,4.1,"(1,425)","₹18,890",Finish Color - Brown,55% off
24,Delite Kom 20 Inches wide Three Door Powder Coated Wall...,4.3,"(1,524)","₹3,999","Brown, 3 Shelves",18% off
25,Delite Kom 24 Inches wide Four Door Double Decker Powde...,4.3,(776),"₹7,999","White, 8 Shelves",30% off
26,Flipkart Perfect Homes Fabric Office Arm Chair,4.1,(271),"₹8,685",Green,10% off
27,Delite Kom 24 Inches wide Five Door Powder Coated Wall ...,4.2,(948),"₹6,936","White, 5 Shelves",37% off
28,Nilkamal Engineered Wood Shoe Rack,4.3,"(2,844)","₹4,590","Brown, 4 Shelves",6% off
29,Home Full Oscar 3 door Engineered Wood Shoe Rack,3.9,"(1,045)","₹5,390",6 Shelves,37% off
30,Delite Kom 20 Inches wide Five Door Powder Coated Wall ...,4.3,"(1,015)","₹5,590","White, 5 Shelves",26% off
31,FurnitureKraft Caen Double Metal Sofa Bed,4.3,"(2,804)","₹18,390",Finish Color - Brown Mechanism Type - Pull Out,30% off
32,Delite Kom 20 Inches wide Three Door Powder Coated Wall...,4.3,(778),"₹3,999","Brown, 3 Shelves",18% off
33,Flipkart Perfect Homes PureWood Sheesham TV Entertainme...,4.5,"(1,286)","₹11,590",Finish Color - Natural Teak,46% off
34,TimberTaste Sheesham Wood Solid Wood Semi-Open Book She...,4.7,(88),"₹7,190",Finish Color - Natural Teak,63% off
35,FurnitureKraft Caen Double Metal Sofa Bed,4.3,"(2,804)","₹18,390",Finish Color - Grey Mechanism Type - Pull Out,30% off
36,FurnitureKraft Caen Double Metal Sofa Bed,4.3,"(2,804)","₹18,390",Finish Color - Blue Mechanism Type - Pull Out,30% off
37,Woodness Engineered Wood Shoe Rack,4.0,(76),"₹5,990","Brown, 8 Shelves",62% off
38,Crystal Furnitech Caelan Engineered Wood Crockery Cabin...,4.2,(58),"₹12,290",Finish Color - Dark ELM,20% off
39,Spacewood Engineered Wood Shoe Rack,4.2,"(1,304)","₹4,690",3 Shelves,38% off
0,@home by Nilkamal SUTLEJ Solid Wood 4 Seater Dining Set,3.9,(489),"₹15,490",Finish Color - Cherry,58% off
1,Rajpura Voom Medium Back Revolving Chair with Centre Ti...,4.5,(16),"₹4,899","Red, Black",30% off
2,Home Edge Solid Wood Shoe Rack,4.3,(130),"₹7,390",1 Shelves,60% off
3,VJ Interior Leatherette Office Arm Chair,3.9,(416),"₹8,999",Brown,4% off
4,@home by Nilkamal Alice Solid Wood 6 Seater Dining Set,4.0,(298),"₹21,900",Finish Color - Cherry,56% off
5,Delite Kom 24 Inches wide Five Door Powder Coated Wall ...,4.3,"(1,524)","₹6,999","Brown, 5 Shelves",37% off
6,Rajpura Smart Medium Back Revolving Chair with Centre T...,3.7,(464),"₹4,449",Black,32% off
7,@home by Nilkamal PEAK Solid Wood 4 Seater Dining Set,3.9,"(1,078)","₹14,990",Finish Color - Cappuccino,56% off
8,Induscraft Sheesham Wood Solid Wood Coffee Table,4.2,(364),"₹8,890",Finish Color - Honey-Brown,64% off
9,VJ Interior Leatherette Office Arm Chair,3.8,(467),"₹9,750","Brown, Set of 2",1% off
10,Ks chairs Fabric Office Arm Chair,3.9,(661),"₹3,999",Black,50% off
11,Woodness Vivian Solid Wood 6 Seater Dining Set,4.0,(348),"₹24,090",Finish Color - Mahogany,52% off
12,Rajpura Brio High Back Revolving Chair with Headrest an...,3.5,(50),"₹6,449",Black,30% off
13,VJ Interior Fabric Office Arm Chair,4.1,(30),"₹12,275","Black, Set of 2",6% off
14,@home by Nilkamal Gem Solid Wood 4 Seater Dining Set,3.9,(652),"₹14,900",Finish Color - Cappucino,49% off
15,Delite Kom 24 Inches wide Three Door Double Decker Powd...,4.3,(778),"₹6,499","Brown, 3 Shelves",31% off
16,Flipkart Perfect Homes PureWood Sheesham TV Entertainme...,4.5,"(1,286)","₹15,790",Finish Color - Dark Walnut,27% off
17,Flipkart Perfect Homes PureWood Sheesham TV Entertainme...,4.5,(886),"₹16,990",Finish Color - Natural Teak,33% off
18,Muebles Casa Marco Leatherette 6 Seater  Sofa,4.4,"(1,198)","₹32,290",Finish Color - Brown,59% off
19,VJ Interior Fabric Office Arm Chair,4.4,(207),"₹5,725",Blue,11% off
20,Delite Kom 24 Inches wide Three Door Powder Coated Wall...,4.3,"(1,524)","₹4,999","Brown, 3 Shelves",28% off
21,Flipkart Perfect Homes PureWood Sheesham TV Entertainme...,4.7,(96),"₹8,190",Finish Color - Natural Teak,43% off
22,Flipkart Perfect Homes PureWood Mango Coffee Table,3.5,(157),"₹6,890",Finish Color - Walnut,47% off
23,Flipkart Perfect Homes Fabric Office Visitor Chair,3.9,(597),"₹5,525",Black,7% off
24,Rajpura Matrix High Back Revolving Chair with Headrest ...,3.7,(435),"₹7,499",Black,29% off
25,Crystal Furnitech Crestor Engineered Wood TV Entertainm...,4.3,(500),"₹7,290",Finish Color - Wenge,15% off
26,Flipkart Perfect Homes Bonn Fabric 1 Seater  Sofa,3.9,(218),"₹6,490",Finish Color - Grey,45% off
27,DZYN Furnitures Linen Office Executive Chair,3.7,(112),"₹7,990","Black, Set of 2",55% off
28,Muebles Casa Marco Leatherette 6 Seater  Sofa,4.4,"(1,198)","₹33,690",Finish Color - Beige,71% off
29,Flipkart Perfect Homes PureWood Sheesham TV Entertainme...,4.5,"(1,286)","₹15,090",Finish Color - Walnut and Teak Draw,30% off
30,DZYN Furnitures Linen Office Executive Chair,4.0,(701),"₹8,999","Black, Set of 2",16% off
31,Muebles Casa Marco Leatherette 6 Seater  Sofa,4.4,"(1,198)","₹33,390",Finish Color - Beige,58% off
32,Delite Kom 24 Inches wide Three Door Powder Coated Wall...,4.3,"(1,524)","₹4,999","Brown, 3 Shelves",28% off
33,Delite Kom Pure Engineered Wood Coffee Table,3.8,(655),"₹3,575",Finish Color - Wenge,29% off
34,Rajpura 803 Cushioned Low Back Revolving Chair with pus...,4.3,(36),"₹5,149",Red,28% off
35,DZYN Furnitures Linen Office Executive Chair,3.7,(393),"₹5,999",Black,25% off
36,Rajpura Matrix High Back Revolving Chair with Headrest ...,3.7,(435),"₹7,499","Red, Black",29% off
37,Balaji Sheesham Wood Solid Wood Coffee Table,3.9,(84),"₹13,500",Finish Color - Provincial Teak,24% off
38,Delite Kom 24 Inches wide Three Door Powder Coated Wall...,4.2,(948),"₹4,999","White, 3 Shelves",28% off
39,Flipkart Perfect Homes Leatherette Office Executive Cha...,3.8,"(1,270)","₹5,999",Black,49% off
0,DZYN Furnitures Leatherette Office Executive Chair,3.4,(171),"₹5,499",Black,31% off
1,@home by Nilkamal Jewel Solid Wood 4 Seater Dining Set,4.1,(741),"₹13,390",Finish Color - Walnut,55% off
2,Delite Kom 24 Inches wide Five Door Powder Coated Wall ...,4.3,"(1,524)","₹6,999","Brown, 5 Shelves",37% off
3,VJ Interior Leatherette Office Arm Chair,3.9,(416),"₹8,999",Brown,4% off
4,Woodness Cameron Metal Close Book Shelf,3.9,(189),"₹26,939",Finish Color - Dual Tone Blue White,36% off
5,Muebles Casa Mind Cedar Leatherette 3 Seater  Sofa,4.2,(277),"₹22,490",Finish Color - Cherry Colour,19% off
6,Woodness Cameron Metal Close Book Shelf,3.9,(268),"₹25,082",Finish Color - Dual tone Maroon White,36% off
7,Muebles Casa Alvin Fabric 6 Seater  Sofa,4.0,(130),"₹33,990",Finish Color - Blue,54% off
8,Woodness Cameron Metal Close Book Shelf,3.7,(158),"₹25,483",Finish Color - Dual tone Purple and White,21% off
9,VJ Interior Leatherette Office Arm Chair,3.8,(467),"₹9,750","Brown, Set of 2",1% off
10,The Jaipur Living Wooden Tokyo Fabric 2 Seater  Sofa,4.1,(70),"₹8,290",Finish Color - Honey Brown,62% off
11,DZYN Furnitures Leatherette Office Executive Chair,4.1,(40),"₹7,799",Brown,2% off
12,Westido Leatherette 3 Seater  Sofa,3.7,(749),"₹11,999",Finish Color - Brown,40% off
13,VJ Interior Fabric Office Arm Chair,4.1,(30),"₹12,275","Black, Set of 2",6% off
14,Flipkart Perfect Homes PureWood Mango Study Table,3.7,(38),"₹16,890","Free Standing, Finish Color - Walnut",15% off
15,FurnitureKraft Caen Double Metal Sofa Bed,4.3,"(2,804)","₹20,390",Finish Color - Maroon Mechanism Type - Pull Out,22% off
16,Flipkart Perfect Homes PureWood Sheesham 6 Seater Dinin...,4.2,(166),"₹30,190",Finish Color - Teak,39% off
17,Flipkart Perfect Homes Leatherette Office Executive Cha...,3.8,"(1,270)","₹6,999",Black,27% off
18,Rajpura 802 Cushioned Medium Back Revolving Chair with ...,4.0,(72),"₹5,249",Black,11% off
19,VJ Interior Fabric Office Arm Chair,4.4,(207),"₹5,725",Blue,16% off
20,DZYN Furnitures Leatherette Office Visitor Chair,4.0,(18),"₹14,990","White, Set of 4",27% off
21,Rajpura Boom Medium Back Revolving Chair with Centre Ti...,3.7,(60),"₹4,999",Black,36% off
22,Woodness Tiffany Metal Close Book Shelf,3.9,(189),"₹26,939",Finish Color - Dual tone Teal Green and White,48% off
23,La-Z-Boy Dreamtime Leatherette Manual Rocker Recliners ...,4.4,"(1,562)","₹29,190",Finish Color - Black,1% off
24,Nilkamal Plastic Outdoor Chair,4.6,(83),"₹2,650",White,16% off
25,Westido Zest Fabric 3 Seater  Sofa,3.7,(310),"₹9,999",Finish Color - Cream Brown,47% off
26,La-Z-Boy Harbortown Fabric Manual Rocker Recliners Recl...,4.7,(80),"₹20,590",Finish Color - Dark Brown,48% off
27,@home by Nilkamal Felix Engineered Wood TV Entertainmen...,3.9,(129),"₹12,900",Finish Color - Coffee,22% off
28,Spacewood Modern Engineered Wood TV Entertainment Unit,4.3,(576),"₹5,890",Finish Color - Brown,26% off
29,DZYN Furnitures Linen Office Executive Chair,3.9,(452),"₹9,499","Black, Set of 2",36% off
30,DZYN Furnitures Linen Office Executive Chair,3.9,(155),"₹8,990","Black, Set of 2",68% off
31,Woodness Cameron Metal Close Book Shelf,3.7,(80),"₹25,122",Finish Color - Light Grey,32% off
32,La-Z-Boy Dreamtime Fabric Manual Rocker Recliners Recli...,4.4,"(1,562)","₹17,990",Finish Color - Green,21% off
33,Delite Kom 24 Inches wide Five Door Powder Coated Wall ...,4.3,"(1,015)","₹7,499","Red, 5 Shelves",2% off
34,Flipkart Perfect Homes Leatherette Office Executive Cha...,3.8,(534),"₹10,990","Black, Set of 2",18% off
35,DZYN Furnitures Leatherette Office Executive Chair,4.1,(40),"₹7,799",Black,35% off
36,Ikiriya CTW0031 Solid Wood Coffee Table,4.0,(44),"₹6,599",Finish Color - WALNUT,57% off
37,Delite Kom 24 Inches wide Five Door Double Decker Powde...,4.3,(778),"₹8,999","Brown, 10 Shelves",31% off
38,@home by Nilkamal Jewel Solid Wood 6 Seater Dining Set,4.1,(741),"₹20,690",Finish Color - Walnut,11% off
39,DZYN Furnitures Leatherette Office Visitor Chair,4.1,(18),"₹11,999","Black, Set of 2",40% off
0,La-Z-Boy Dreamtime Leatherette Manual Rocker Recliners ...,4.4,"(1,562)","₹30,590",Finish Color - Brown,46% off
1,@home by Nilkamal Alice Solid Wood 4 Seater Dining Set,4.0,(298),"₹15,090",Finish Color - Cherry,47% off
2,HomeTown Artois Solid Wood 6 Seater Dining Set,4.0,(487),"₹23,490",Finish Color - Dark Walnut,59% off
3,VJ Interior Leatherette Office Arm Chair,3.9,(416),"₹8,999",Brown,4% off
4,Flipkart Perfect Homes Leatherette Office Executive Cha...,3.8,"(1,270)","₹6,999",Brown,36% off
5,Woodness Cameron Metal Close Book Shelf,3.7,(158),"₹27,744",Finish Color - Dual tone Maroon White,33% off
6,Woodness Malto Solid Wood Coffee Table,4.4,(163),"₹10,201",Finish Color - Dark Oak,49% off
7,TimberTaste Sheesham Wood Solid Wood TV Entertainment U...,4.4,(18),"₹11,590",Finish Color - Dark Walnut,4% off
8,Spacewood Winner Engineered Wood Study Table,4.2,"(5,229)","₹8,999","Free Standing, Finish Color - Brown",6% off
9,VJ Interior Fabric Office Arm Chair,4.1,(30),"₹12,275","Black, Set of 2",30% off
10,VJ Interior Fabric Office Executive Chair,3.7,(75),"₹4,725",Black,36% off
11,Woodness Cameron Metal Close Book Shelf,3.9,(268),"₹25,082",Finish Color - Dual tone Orange and White,18% off
12,Delite Kom 20 Inches wide Four Door Powder Coated Wall ...,4.3,"(1,524)","₹4,999","Brown, 4 Shelves",11% off
13,VJ Interior Fabric Office Arm Chair,4.4,(207),"₹5,725",Blue,1% off
14,VJ Interior Leatherette Office Arm Chair,3.8,(467),"₹9,750","Brown, Set of 2",1% off
15,Spacewood Winner Engineered Wood Study Table,4.2,"(5,229)","₹9,200","Free Standing, Finish Color - Black",20% off
16,Delite Kom 20 Inches wide Five Door Powder Coated Wall ...,4.3,"(1,524)","₹5,999","Brown, 5 Shelves",2% off
17,DZYN Furnitures ADOUCIR Big & Tall High Back Executive ...,3.7,(6),"₹17,990",Black,31% off
18,supreme Cherry for Home & Garden Plastic Outdoor Table,4.6,(22),"₹4,902",Finish Color - Black,39% off
19,Woodness Joey Leatherette Manual Recliners Recliner,4.0,(62),"₹52,265",Finish Color - Black,30% off
20,Woodness Pamela Solid Wood Dining Chair,4.0,(57),"₹7,606","Set of 2, Finish Color - Wenge",29% off
21,La-Z-Boy Harbortown Leatherette Manual Rocker Recliners...,4.5,(177),"₹27,790",Finish Color - Camel,46% off
22,Flipkart Perfect Homes Trieste Fabric 2 Seater  Sofa,4.0,(351),"₹13,490",Finish Color - Beige,66% off
23,The Jaipur Living Arabia Solid Wood Coffee Table,3.7,(32),"₹3,290",Finish Color - Honey Brown,65% off
24,Bharat Lifestyle Nano Fabric 6 Seater  Sofa,3.5,"(4,071)","₹20,679",Finish Color - Black Grey,37% off
25,DZYN Furnitures Linen Office Executive Chair,3.7,(393),"₹5,999",Red,60% off
26,Urban Living Rome Fabric 3 Seater  Sofa,3.5,(12),"₹11,790",Finish Color - Light Brown,31% off
27,Woodness Vivian Solid Wood Dining Chair,4.1,(243),"₹7,676","Set of 2, Finish Color - Mahogany",7% off
28,Flipkart Perfect Homes Fabric Office Arm Chair,4.3,(149),"₹8,575","Blue, Set of 2",43% off
29,Woodness Vatican Metal 6 Seater Dining Set,4.0,(300),"₹35,312",Finish Color - Black,10% off
30,DZYN Furnitures Black Mochi Leatherette Office Visitor ...,2.4,(14),"₹9,890","Black, Set of 2",35% off
31,Woodness Winston Upholstered Solid Wood 4 Seater Dining...,3.6,"(1,055)","₹17,661",Finish Color - Mahogany,75% off
32,Bharat Lifestyle Fabric 3 + 1 + 1 Cream Sofa Set,3.7,"(1,159)","₹19,269",Finish Color - Beige,40% off
33,Flipkart Perfect Homes Bonn Fabric 1 Seater  Sofa,3.9,(218),"₹7,190",Finish Color - Teak,60% off
34,Home Edge Wooden Weave Sheesham Fabric 1 Seater  Sofa,3.8,(275),"₹7,190",Finish Color - Blue,11% off
35,Sofame Lisa Fabric 5 Seater  Sofa,3.4,(32),"₹26,499","Maroon, 4 Shelves",73% off
36,Valtior 4 layer shoe rack (brown) Metal Collapsible Sho...,3.6,(113),₹539,Finish Color - Cream Brown,45% off
37,Westido Lyon Fabric 3 Seater  Sofa,3.9,(412),"₹10,999",Finish Color - Black,51% off
38,Woodness Milan Metal 4 Seater Dining Set,4.3,"(1,015)","₹24,556","Red, 4 Shelves",33% off
0,CMerchants 4Rack-Shoe-Rack-029 Metal Collapsible Shoe S...,3.8,"(1,270)",₹499,"Brown, 4 Shelves",75% off
1,Flipkart Perfect Homes Leatherette Office Executive Cha...,4.4,"(1,562)","₹7,000",Brown,65% off
2,La-Z-Boy Dreamtime Fabric Manual Rocker Recliners Recli...,3.9,(416),"₹19,990",Finish Color - Beige,4% off
3,VJ Interior Leatherette Office Arm Chair,3.9,(14),"₹8,999",Brown,42% off
4,DZYN Furnitures Omaha Heavy Solid Wood 1 Seater Rocking...,4.2,(32),"₹21,990",Finish Color - Multicolor,21% off
5,Induscraft Tadashi Solid Wood 4 Seater Dining Set,4.5,(27),"₹22,490",Finish Color - Dark Expresso,49% off
6,Woodness Tampa Plastic 4 Seater Dining Set,4.5,(4),"₹28,446",Finish Color - Black,35% off
7,DZYN Furnitures Ministra� Heavy Solid Wood 1 Seater Roc...,3.9,(239),"₹24,990",Finish Color - Brown,45% off
8,APEX CHAIRS TRAX Fabric Office Executive Chair,3.8,(467),"₹2,999",Black,1% off
9,VJ Interior Leatherette Office Arm Chair,2.5,(24),"₹9,750","Brown, Set of 2",14% off
10,DZYN Furnitures AMOREVOLE Boss Chair Business Home Offi...,4.2,(25),"₹12,990",Black,7% off
11,Induscraft Wooden Daisy Sheesham Fabric 2 Seater  Sofa,4.1,(30),"₹18,599",Finish Color - Semi-Glossy,6% off
12,VJ Interior Fabric Office Arm Chair,4.4,(207),"₹12,275","Black, Set of 2",11% off
13,VJ Interior Fabric Office Arm Chair,4.0,(157),"₹5,725",Blue,19% off
14,Ikiriya CTW0003 Solid Wood Coffee Table,3.6,(192),"₹8,249",Finish Color - Meghony,74% off
15,APEX CHAIRS SAVYA HOME ORION HB Fabric Office Executive...,3.6,(60),"₹9,993",Black,36% off
16,Flux Plastic Outdoor Chair,3.2,(32),"₹1,790",Lemon Lime,43% off
17,VJ Interior Leatherette Office Arm Chair,4.2,(109),"₹7,925",Black,3% off
18,DZYN Furnitures Metal 3 Seater,4.3,(196),"₹8,190",Finish Color - Silver,35% off
19,Nilkamal Shahenshah Rectangular Plastic 4 Seater Dining...,3.8,(195),"₹6,500",Finish Color - Pear Wood,3% off
20,APEX CHAIRS Fabric Office Executive Chair,4.5,(12),"₹3,899",Black,45% off
21,Urban Ladder Sheesham Wood Solid Wood TV Entertainment ...,4.3,(168),"₹16,399",Finish Color - Mahogany,26% off
22,Cello Plastic Outdoor Chair,3.5,(152),"₹5,645","Ice Brown, Set of 4",61% off
23,APEX CHAIRS SAVYA HOME TRAX NYLON BASE CHAIR Fabric Off...,3.5,(96),"₹5,000",Black,11% off
24,APEX CHAIRS TRAX Fabric Office Executive Chair,4.5,(4),"₹3,280",Black,46% off
25,Vini Furntech Fabric Living Room Chair,3.6,(28),"₹16,975",Finish Color - Black,19% off
26,Flipkart Perfect Homes Trieste Fabric 3 + 2 + 1 Brown S...,3.8,(126),"₹27,890",Black,45% off
27,Apex Apollo medium back office chair Fabric Office Exec...,4.0,(138),"₹8,000",Black,60% off
28,Regentseating RSC Leatherette Office Arm Chair,3.6,(10),"₹6,000","Red, Black, Set of 2",44% off
29,VJ Interior Fabric Office Arm Chair,3.9,(60),"₹8,985",Black,15% off
30,APEX CHAIRS Fabric Office Executive Chair,4.0,(6),"₹5,499","Brown, 4 Shelves",2% off
31,Balaji SBA Solid Wood Shoe Rack,3.8,(186),"₹14,500","Beige, Set of 4",2% off
32,Cello Plastic Outdoor Chair,4.2,(68),"₹5,625",Black,60% off
33,APEX CHAIRS DELTA Fabric Office Executive Chair,3.8,(87),"₹2,980","Sandalwood Brown, Set of 4",11% off
